-- Generated by db/gen-seed.mjs — do not edit by hand.
-- Initial load of the sample problems. Run after schema.sql.
begin;

-- sources
insert into sources (slug, title) values ('fakebook', 'FakeBook');

-- problems
insert into problems
  (id, title, source, difficulty, tags, hero, dealer, vulnerability, deal, auction, play, contract, commentary)
values (1, 'Limit raise or game?', 'fakebook', 2, ARRAY['game-try', 'major-suit-raise', 'responder']::text[], 'S', 'N', 'none', '{"N":{"S":"43","H":"AKJ85","D":"AQ72","C":"K5"},"E":{"S":"875","H":"632","D":"854","C":"T432"},"S":{"S":"KQ62","H":"QT4","D":"KJ63","C":"97"},"W":{"S":"AJT9","H":"97","D":"T9","C":"AQJ86"}}'::jsonb, '[{"call":"1H"},{"call":"P"},{"call":"1S"},{"call":"P"},{"call":"2D"},{"call":"P"},{"question":{"id":"q1","choiceType":"multiple_choice","prompt":"Partner opened 1H and reversed into 2D. Your call?","options":["2NT","3D","3H","4H"],"answer":"3H","explanation":"The bidding starts 1♥ - 1♠; 2♦. You are too strong to sign off and not strong enough to insist on game. You should make a game try, leaving the final decision to your partner. You have good support for both hearts and diamonds, but you should bid 3♥, showing your fit in the major. Eleven tricks is a tough target, so bidding game in a minor suit is something you should seek to avoid. Answer: (c) 3♥."}},{"call":"P"},{"call":"4H"},{"call":"P"},{"call":"P"},{"call":"P"}]'::jsonb, NULL, NULL, NULL);
insert into problems
  (id, title, source, difficulty, tags, hero, dealer, vulnerability, deal, auction, play, contract, commentary)
values (2, 'Your call as responder', 'fakebook', 1, ARRAY['responder', 'one-level-response']::text[], 'S', 'N', 'ns', '{"S":{"S":"AQJ95","H":"KQ","D":"A83","C":"742"}}'::jsonb, '[{"call":"1S"},{"call":"P"},{"question":{"id":"q1","choiceType":"multiple_choice","prompt":"Partner opened 1S. Your call?","options":["2S","3S","4S","2NT"],"answer":"4S","explanation":"Placeholder — not checked yet."}}]'::jsonb, NULL, NULL, 'Bidding-only; other hands hidden during the auction.');
insert into problems
  (id, title, source, difficulty, tags, hero, dealer, vulnerability, deal, auction, play, contract, commentary)
values (3, 'Partnership slam try', 'fakebook', 3, ARRAY['slam', 'partnership']::text[], 'S', 'W', 'both', '{"N":{"S":"KQ4","H":"A32","D":"KQJ5","C":"A98"},"S":{"S":"A32","H":"KQ4","D":"A98","C":"KQJ5"}}'::jsonb, '[{"call":"P"},{"call":"1D"},{"call":"P"},{"question":{"id":"q1","choiceType":"multiple_choice","prompt":"Partner opened 1D. Your call?","options":["1NT","2NT","3NT","2C"],"answer":"3NT","explanation":"Placeholder — not checked yet."}}]'::jsonb, NULL, NULL, 'Two balanced powerhouses — how high can you go?');
insert into problems
  (id, title, source, difficulty, tags, hero, dealer, vulnerability, deal, auction, play, contract, commentary)
values (4, 'Choose your opening lead', 'fakebook', 2, ARRAY['opening-lead', 'defense', 'play']::text[], 'S', 'E', 'none', '{"N":{"S":"T6","H":"7632","D":"QT9","C":"AJT9"},"E":{"S":"AKQ84","H":"A5","D":"K72","C":"K43"},"S":{"S":"75","H":"QJT9","D":"J843","C":"Q65"},"W":{"S":"J932","H":"K84","D":"A65","C":"872"}}'::jsonb, '[{"call":"1S"},{"call":"P"},{"call":"3S"},{"call":"P"},{"call":"4S"},{"call":"P"},{"call":"P"},{"call":"P"}]'::jsonb, '[{"cards":[{"seat":"S","question":{"id":"p1","choiceType":"multiple_choice","prompt":"Choose your opening lead.","answer":"HQ","options":["HQ","S7","DJ","C5"],"explanation":"Lead the top of your ♥ sequence (♥QJT) — safe and attacking against 4♠. Answer: ♥Q."}},{"seat":"W","card":"H4"},{"seat":"N","card":"H2"},{"seat":"E","card":"HA"}]},{"cards":[{"seat":"E","card":"SA"},{"seat":"S","card":"S5"},{"seat":"W","card":"S2"},{"seat":"N","card":"S6"}]}]'::jsonb, NULL, NULL);
insert into problems
  (id, title, source, difficulty, tags, hero, dealer, vulnerability, deal, auction, play, contract, commentary)
values (5, 'Two decisions', 'fakebook', 2, ARRAY['responder', 'two-decisions']::text[], 'S', 'N', 'ew', '{"S":{"S":"AQT4","H":"53","D":"KJ92","C":"K84"}}'::jsonb, '[{"call":"1H"},{"call":"P"},{"question":{"id":"q1","choiceType":"multiple_choice","prompt":"Partner opened 1♥. Your response?","options":["1S","1NT","2D","2H"],"answer":"1S","explanation":"Bid your four-card spade suit up the line. Answer: (a) 1♠."}},{"call":"P"},{"call":"2C"},{"call":"P"},{"question":{"id":"q2","choiceType":"multiple_choice","prompt":"Partner rebid 2♣. Your call?","options":["2D","2NT","3C","2H"],"answer":"2NT","explanation":"With a balanced hand and stoppers everywhere, describe an invitation. Answer: (b) 2NT."}}]'::jsonb, NULL, NULL, NULL);

-- quizzes
insert into quizzes (slug, title, source) values ('quiz-a', 'QuizA', 'fakebook');
insert into quizzes (slug, title, source) values ('quiz-b', 'QuizB', 'fakebook');

-- quizzes_problems (ordinal = 1-based position within the quiz)
insert into quizzes_problems (quiz_slug, problem_id, ordinal) values ('quiz-a', 1, 1);
insert into quizzes_problems (quiz_slug, problem_id, ordinal) values ('quiz-a', 2, 2);
insert into quizzes_problems (quiz_slug, problem_id, ordinal) values ('quiz-a', 3, 3);
insert into quizzes_problems (quiz_slug, problem_id, ordinal) values ('quiz-b', 3, 1);
insert into quizzes_problems (quiz_slug, problem_id, ordinal) values ('quiz-b', 4, 2);
insert into quizzes_problems (quiz_slug, problem_id, ordinal) values ('quiz-b', 5, 3);

-- Bump the identity sequence past the explicit ids just inserted.
select setval(pg_get_serial_sequence('problems', 'id'), (select max(id) from problems));
commit;
